"","HW1","HW2","HW3","HW4","HW5","HW6","HW7","HW8","HW9","ATT","QZ1","QZ2","QZ3","QZ4","EX1","EX2","Test1","Test2","Homework","Quiz","Lab","Overall","grade"
"1",100,100,100,100,100,100,100,100,100,12,100,100,100,100,80,90,100,100,100,100,100,100,"A+"
"2",85,95,100,95,95,95,100,100,100,12,91.6666666666667,88.8888888888889,90,95,57.6,74.7,72,83,98,92,100,88.35,"A-"
"3",87.5,100,85,70,100,98,0,80,0,7,83.3333333333333,55.5555555555556,50,0,56.8,54.9,71,61,78,63,20,64.3,"C-"
"4",92.5,100,100,100,96.25,99,100,92.5,95,12,66.6666666666667,88.8888888888889,65,65,69.6,58.05,87,64.5,98,74,100,84.025,"B"
"5",32.5,0,65,60,0,46,0,0,0,5,41.6666666666667,50,0,0,40,16.2,50,18,25,31,0,26.65,"F"
"6",75,85,92.5,95,100,91,0,0,90,9,91.6666666666667,94.4444444444444,0,75,73.6,71.1,92,79,79,87,60,80.9,"B-"
"7",90,100,97.5,95,80,80,52,90,90,12,91.6666666666667,50,75,90,78.4,68.85,98,76.5,90,86,100,88.625,"A-"
"8",92.5,95,100,90,100,72,95,74.5,100,12,83.3333333333333,44.4444444444444,60,65,52,63.9,65,71,93,69,100,79,"C+"
"9",82.5,85,92.5,70,100,0,84,90,95,12,91.6666666666667,100,70,95,80,73.8,100,82,87,96,100,91,"A"
"10",75,95,95,95,95,96,0,100,98,12,58.3333333333333,55.5555555555556,65,80,63.2,70.65,79,78.5,94,68,100,83.825,"B"
"11",0,77.5,0,15,0,70,80,80,57.5,11,66.6666666666667,27.7777777777778,35,15,21.6,50.4,27,56,48,43,100,50.25,"D"
"12",95,100,100,100,100,90,100,100,70,12,100,100,80,100,77.6,87.3,97,97,98,100,100,98.05,"A+"
"13",82.5,0,82.5,80,100,0,0,0,70,12,75,38.8888888888889,45,60,42.4,41.4,53,46,52,60,100,56.7,"D"
"14",80,92.5,87.5,100,100,69,51.5,80,75,12,100,83.3333333333333,67.5,100,70.4,68.4,88,76,86,94,100,86.5,"B+"
"15",87.5,100,100,100,85,90,100,100,80,12,66.6666666666667,72.2222222222222,60,75,68,70.2,85,78,95,71,100,85.65,"B"
"16",50,0,67.5,50,0,78,41.5,82.5,80,11,33.3333333333333,55.5555555555556,70,85,40,36.9,50,41,56,70,100,57.55,"D"
"17",47.5,70,77.5,30,85,55,78,92.5,80,11,66.6666666666667,16.6666666666667,0,30,47.2,20.7,59,23,73,38,100,55.15,"D"
"18",77.5,85,100,100,95,93,82,90,95,12,75,55.5555555555556,70,65,59.2,69.3,74,77,92,70,100,82.15,"B"
"19",65,92.5,92.5,0,95,80,74,80,80,12,83.3333333333333,50,65,70,64,67.95,80,75.5,82,73,100,80.425,"B-"
"20",52.5,75,85,90,86.25,99,70,100,0,8,66.6666666666667,77.7777777777778,25,50,61.6,62.1,77,69,82,65,40,71,"C"
"21",77.5,97.5,100,100,100,100,100,100,100,12,91.6666666666667,100,70,100,69.6,70.2,87,78,100,97,100,91.45,"A"
"22",95,77.5,95,100,100,87,100,90,100,12,100,94.4444444444444,70,95,64,77.4,80,86,96,96,100,90.7,"A"
"23",70,67.5,75,70,95,77,79,0,63.5,11,91.6666666666667,61.1111111111111,0,80,54.4,45,68,50,75,78,100,70.3,"C"
"24",77.5,70,87.5,90,80,81,87,90,85,11,66.6666666666667,0,0,70,35.2,31.5,44,35,85,46,100,59.95,"D"
"25",72.5,72.5,85,80,90,93,100,100,100,12,91.6666666666667,88.8888888888889,70,95,64.8,81,81,90,90,92,100,89.5,"A-"
"26",80,80,85,60,92.5,71,48,64,95,12,33.3333333333333,22.2222222222222,40,25,39.2,42.75,49,47.5,78,33,100,60.025,"C-"
"27",97,100,100,100,100,98,100,0,96,12,75,38.8888888888889,0,100,67.2,77.4,84,86,99,71,100,88.65,"A-"
"28",92.5,100,100,80,100,0,83,95,90,12,66.6666666666667,16.6666666666667,75,70,50.4,61.2,63,68,93,71,100,78.15,"C+"
"29",87.5,55,87.5,52.5,70,98,90,90,80,12,83.3333333333333,66.6666666666667,30,80,57.6,62.1,72,69,82,77,100,77.8,"C+"
"30",92.5,92.5,85,90,95,87,73,100,80,12,83.3333333333333,72.2222222222222,85,90,72,67.5,90,75,90,86,100,86.65,"B+"
"31",52.5,97.5,100,90,95,95,100,85,70,12,91.6666666666667,55.5555555555556,65,75,64.8,70.65,81,78.5,92,77,100,84.975,"B"
"32",86.5,94,95,100,95,90,77,60,98,10,66.6666666666667,61.1111111111111,65,85,63.2,64.35,79,71.5,92,72,80,80.075,"B-"
"33",88.5,85,100,100,100,99,100,100,94,12,100,88.8888888888889,90,100,79.2,67.05,99,74.5,98,97,100,92.375,"A"
"34",95,98,100,80,100,90,52,70,100,12,83.3333333333333,44.4444444444444,75,80,62.4,48.15,78,53.5,92,79,100,78.425,"C+"
"35",85,77.5,92.5,55,65,64,26,62.5,85,12,33.3333333333333,50,30,60,29.6,24.75,37,27.5,73,48,100,53.375,"D"
"36",87.5,100,100,70,95,100,78,90,80,12,66.6666666666667,44.4444444444444,40,90,62.4,35.1,78,39,91,67,100,72.7,"C"
"37",76,72.5,50,0,61.25,71,51,50,80,12,58.3333333333333,55.5555555555556,50,20,44.8,63.45,56,70.5,64,55,100,66.275,"C-"
"38",81,97.5,100,75,95,87,82,90,95,12,100,100,75,55,67.2,75.6,84,84,91,92,100,88.9,"A-"
"39",92.5,100,92.5,90,100,95,85,90,80,12,87.5,66.6666666666667,65,100,66.4,63,83,70,93,85,100,84.75,"B"
"40",87.5,100,92.5,90,95,91,90,95,100,11,83.3333333333333,66.6666666666667,82.5,85,72,81,90,90,94,84,100,91.3,"A"
"41",93.5,95,97.5,100,100,76,95,90,80,12,100,77.7777777777778,75,65,76.8,75.15,96,83.5,94,84,100,90.875,"A"
"42",75,82.5,100,100,90,88,84,87.5,100,12,91.6666666666667,88.8888888888889,70,90,76.8,76.5,96,85,92,90,100,91.55,"A"
"43",87.5,62.5,80,70,100,96,92,100,70,12,58.3333333333333,66.6666666666667,60,75,58.4,54.9,73,61,87,67,100,76,"C"
"44",90,90,72.5,90,100,97,100,95,100,12,83.3333333333333,61.1111111111111,65,65,55.2,41.4,69,46,95,71,100,74.45,"C"
"45",70,90,90,80,69.5,54,82,0,100,9,50,38.8888888888889,40,40,37.6,43.2,47,48,79,43,60,57.55,"D"
"46",95,85,90,50,56,86,92,75,55,12,87.5,77.7777777777778,45,75,42.4,27,53,30,79,80,100,63.8,"C-"
"47",82.5,100,97.5,90,91.25,99,97,100,100,12,91.6666666666667,88.8888888888889,90,100,67.2,73.8,84,82,97,94,100,90.5,"A"
"48",95,100,100,90,95,99,97,80,100,12,100,94.4444444444444,90,95,70.4,83.25,88,92.5,97,96,100,94.225,"A"
"49",100,100,97.5,100,100,95,100,100,60,12,95.8333333333333,61.1111111111111,75,70,55.2,69.3,69,77,99,80,100,84.75,"B"
"50",67.5,100,100,90,95,90,100,90,100,12,100,77.7777777777778,70,100,71.2,83.7,89,93,96,93,100,93.8,"A"
"51",92.5,85,92.5,100,100,93,91,90,75,12,95.8333333333333,83.3333333333333,75,70,66.4,80.1,83,89,93,85,100,89.5,"A-"
"52",80,85,92.5,0,95,66,80.5,67.5,100,12,66.6666666666667,88.8888888888889,85,80,49.6,62.55,62,69.5,83,85,100,77.425,"C"
"53",0,77.5,100,80,100,90,80,0,65,12,87.5,94.4444444444444,75,85,34.4,69.3,43,77,74,89,100,73.4,"C"
"54",92.5,95,85,100,100,99,89,100,100,12,91.6666666666667,100,75,100,67.2,70.2,84,78,97,97,100,89.95,"A-"
"55",90,95,100,100,100,99,100,80,85,12,100,100,75,100,71.2,76.5,89,85,96,100,100,92.85,"A"
"56",87.5,77.5,97.5,90,97,96,90,80,80,12,95.8333333333333,0,55,80,56,60.75,70,67.5,90,77,100,79.425,"C+"
"57",92.5,100,100,100,95,99,94,99,95,12,75,100,85,95,70.4,77.4,88,86,98,93,100,92.45,"A"
"58",95,98,92.5,70,95,98,100,100,98,12,100,77.7777777777778,50,90,68.8,70.2,86,78,97,89,100,89.15,"A-"
"59",82,100,91.5,100,100,90,100,70,96,12,50,77.7777777777778,60,95,55.2,63.9,69,71,95,78,100,81.75,"B-"
"60",82.5,100,85,75,95,86,26,45,65,12,33.3333333333333,55.5555555555556,50,85,36.8,36,46,40,79,64,100,62.5,"C-"
"61",90,95,100,100,100,96,100,95,100,12,66.6666666666667,94.4444444444444,75,90,44.8,63,56,70,98,86,100,81,"B-"
"62",87.5,77.5,100,80,85,99,100,100,85,11,66.6666666666667,55.5555555555556,25,60,38.4,40.95,48,45.5,92,61,100,67.725,"C-"
"63",74,100,85,90,90,96,86,90,98,12,91.6666666666667,77.7777777777778,75,90,60.8,76.05,76,84.5,92,86,100,86.825,"B+"
"64",80,60,95,80,85,91,68,80,67.5,12,41.6666666666667,61.1111111111111,55,80,36.8,45,46,50,81,65,100,65.75,"C-"
"65",91.5,97,87.5,80,90,82,90,90,98,12,58.3333333333333,72.2222222222222,55,75,51.2,39.15,64,43.5,91,69,100,71.325,"C"
"66",80,95,90,80,97.5,94,73,90,85,12,58.3333333333333,66.6666666666667,57.5,100,64.8,64.35,81,71.5,89,75,100,82.025,"B"
"67",92.5,95,100,100,95,98,70,100,100,12,91.6666666666667,61.1111111111111,60,90,66.4,73.35,83,81.5,98,81,100,88.525,"A-"
"68",92.5,100,100,90,100,93,89,80,60,12,83.3333333333333,77.7777777777778,55,80,65.6,63.9,82,71,93,80,100,84.05,"B"
"69",80,77.5,70,65,100,97,100,75,85,12,58.3333333333333,55.5555555555556,25,40,56.8,34.2,71,38,86,51,100,67.15,"C-"
"70",80,0,92.5,90,90,79,0,70,51.5,12,91.6666666666667,88.8888888888889,0,100,75.2,68.85,94,76.5,69,94,100,82.725,"B"
"71",0,10,47.5,0,90,0,56,40,75,7,54.1666666666667,27.7777777777778,30,80,43.2,31.5,54,35,40,55,20,41.8,"F"
"72",85,85,92.5,60,95,98,100,80,100,12,91.6666666666667,50,75,95,47.2,57.6,59,64,92,87,100,78.45,"C+"
"73",70,89,70,80,85,96,0,90,0,11,75,44.4444444444444,65,0,64,54.9,80,61,72,61,100,72,"C"
"74",85,97.5,100,85,75,97,97,95,85,12,25,44.4444444444444,35,65,48.8,36.45,61,40.5,93,48,100,67.425,"C-"
"75",94.5,100,85,100,100,98,90,100,96,12,75,61.1111111111111,80,80,78.4,72,98,80,97,78,100,90.4,"A"
"76",62.5,65,32.5,27.5,0,79,79,75,94,12,91.6666666666667,33.3333333333333,25,55,44,54.9,55,61,64,60,100,64.45,"C-"
"77",85,70,85,95,100,88,88,100,85,12,75,100,90,100,47.2,65.7,59,73,91,97,100,81.9,"B-"
"78",92.5,100,100,100,100,100,100,95,100,12,91.6666666666667,88.8888888888889,80,80,59.2,71.1,74,79,99,87,100,87.3,"B+"
"79",92.5,100,100,100,95,90,100,95,85,12,100,88.8888888888889,80,80,76,74.25,95,82.5,97,90,100,92.225,"A"
"80",80,75,90,90,100,93,98,90,85,12,91.6666666666667,88.8888888888889,75,100,69.6,76.5,87,85,91,94,100,90.05,"A"
"81",92.5,82.5,87.5,90,100,82,82,0,85,9,50,44.4444444444444,0,25,45.6,52.2,57,58,88,40,60,64.3,"C-"
"82",76,80,100,95,90,93,89,87.5,80,12,100,66.6666666666667,70,85,55.2,66.6,69,74,89,85,100,81.75,"B-"
"83",82.5,85,92.5,95,90,100,100,100,80,12,66.6666666666667,55.5555555555556,85,0,62.4,47.25,78,52.5,93,69,100,76.975,"C"
"84",77.5,62.5,97.5,80,0,83,100,75,70,11,66.6666666666667,44.4444444444444,70,80,67.2,69.3,84,77,81,72,100,81.15,"B-"
"85",77.5,100,100,100,100,99,92,100,98,12,91.6666666666667,100,90,100,76,85.5,95,95,99,97,100,97,"A+"
"86",87.5,85,92.5,80,100,99,0,100,75,12,100,100,60,100,75.2,70.2,94,78,90,100,100,90.3,"A"
"87",67.5,95,82.5,95,60,79,89,100,85,12,83.3333333333333,83.3333333333333,67.5,95,76.8,81.9,96,91,87,87,100,91.1,"A"
"88",30,0,0,100,85,91,77,85,85,12,25,55.5555555555556,25,30,38.4,38.7,48,43,69,37,100,56.6,"D"
"89",92.5,100,100,0,100,100,0,100,100,12,91.6666666666667,100,100,100,64,78.3,80,87,87,100,100,88.85,"A-"
"90",82.5,0,95,100,95,99,100,100,100,9,75,72.2222222222222,80,95,70.4,75.6,88,84,96,83,60,85.85,"B"
"91",77.5,97.5,100,70,0,96,100,80,75,12,66.6666666666667,11.1111111111111,45,75,48.8,49.5,61,55,87,62,100,71.35,"C"
"92",80,75,0,67.5,77.5,87,100,82.5,90,11,83.3333333333333,83.3333333333333,90,90,57.6,72.9,72,81,82,88,100,82.45,"B"
"93",0,85,80,75,100,78,0,90,0,12,91.6666666666667,38.8888888888889,75,0,58.4,37.35,73,41.5,64,69,100,64.525,"C-"
"94",87.5,85,92.5,85,95,91,92,90,90,12,91.6666666666667,50,0,85,64,65.7,80,73,90,76,100,82.65,"B"
"95",73.5,0,92.5,90,80,0,100,100,75,12,83.3333333333333,72.2222222222222,65,95,70.4,65.7,88,73,76,84,100,81.25,"B-"
"96",79,95,92.5,65,72.5,91,100,0,76,11,33.3333333333333,77.7777777777778,95,95,59.2,75.6,74,84,84,89,100,84.35,"B"
"97",0,0,0,42.5,0,0,0,0,0,10,58.3333333333333,0,0,0,42.4,35.55,53,39.5,5,19,80,32.825,"F"
"98",100,97.5,100,90,100,99,100,100,100,12,100,77.7777777777778,90,95,69.6,84.6,87,94,100,95,100,95.15,"A+"
"99",92.5,95,100,0,100,93,90,85,100,12,83.3333333333333,100,70,80,65.6,80.55,82,89.5,94,88,100,90.175,"A"
"100",96,97.5,100,0,100,89,97,100,99,12,100,66.6666666666667,80,95,73.6,78.3,92,87,97,92,100,93.05,"A"
"101",45,77.5,67.5,70,90,71,89,90,85,12,33.3333333333333,72.2222222222222,47.5,70,57.6,63.9,72,71,80,63,100,75.6,"C"
"102",0,85,85,67.5,90,88,96,75,95,12,58.3333333333333,66.6666666666667,50,0,48.8,40.95,61,45.5,85,58,100,67.775,"C-"
"103",85,92.5,100,100,95,90,100,97.5,100,12,100,77.7777777777778,75,60,62.4,61.2,78,68,97,84,100,84.3,"B"
"104",82.5,70,100,65,97,71,78,85,85,11,75,38.8888888888889,55,80,70.4,55.8,88,62,84,70,100,78.8,"C+"
"105",92.5,92.5,100,80,95,97,97,95,80,12,83.3333333333333,55.5555555555556,75,90,57.6,54.9,72,61,94,83,100,80.3,"B-"
"106",55,85,100,100,60,100,80,90,90,12,91.6666666666667,77.7777777777778,85,100,71.2,76.5,89,85,88,92,100,89.25,"A-"
"107",92.5,77.5,92.5,100,100,96,89,97.5,99,12,83.3333333333333,72.2222222222222,80,100,58.4,71.55,73,79.5,96,88,100,86.475,"B+"
"108",62.5,97.5,82.5,67.5,90,98,100,80,100,12,75,72.2222222222222,57.5,75,55.2,50.4,69,56,89,74,100,75.6,"C"
"109",100,100,92.5,100,100,0,94,85,0,10,41.6666666666667,83.3333333333333,70,0,71.2,75.6,89,84,84,65,80,81.75,"B-"
"110",87.5,92.5,100,90,87,96,94,95,70,12,95.8333333333333,83.3333333333333,70,15,64.8,42.3,81,47,93,83,100,78.3,"C+"
"111",92.5,100,100,100,100,99,100,100,97,12,100,100,100,100,64.8,88.2,81,98,100,100,100,95.7,"A+"
"112",95,96,100,100,100,97,30,95,98,12,91.6666666666667,44.4444444444444,80,95,44,63.9,55,71,98,89,100,81.5,"B-"
"113",77.5,95,97.5,80,100,94,99,100,85,12,83.3333333333333,88.8888888888889,60,100,60.8,72.9,76,81,94,91,100,87.3,"B+"
"114",88.5,97,100,90,100,99,97,100,85,12,66.6666666666667,88.8888888888889,95,65,57.6,72.9,72,81,96,84,100,86.05,"B+"
"115",72.5,62.5,100,99,100,0,0,100,99,10,91.6666666666667,83.3333333333333,0,85,62.4,78.75,78,87.5,79,87,80,82.225,"B"
"116",87,100,92.5,80,100,89,50,80,98,12,83.3333333333333,0,60,85,66.4,82.8,83,92,91,76,100,88.3,"A-"
"117",75,100,100,90,100,95,97,95,85,12,91.6666666666667,66.6666666666667,65,95,62.4,60.3,78,67,95,84,100,83.45,"B"
"118",92.5,85,85,0,95,99,81,90,75,12,91.6666666666667,94.4444444444444,45,90,52.8,75.15,66,83.5,88,92,100,84.275,"B"
"119",84,100,87.5,70,100,97,100,90,100,12,83.3333333333333,61.1111111111111,95,80,42.4,55.35,53,61.5,95,86,100,77.375,"C"
"120",77.5,95,95,95,90,89,99,90,85,12,100,77.7777777777778,90,100,71.2,87.3,89,97,92,97,100,94.2,"A"
"121",62.5,90,52.4,90,54,75,25,0,60,11,50,11.1111111111111,0,5,21.6,23.4,27,26,64,22,100,44.4,"F"
"122",80,85,85,90,72,95,92,100,60,12,79.1666666666667,72.2222222222222,55,90,65.6,65.7,82,73,87,80,100,82.75,"B"
"123",0,62.5,10,55,66,0,0,60,30,7,75,0,15,40,32.8,29.25,41,32.5,35,43,20,35.275,"F"
"124",87.5,85,100,100,95,90,100,90,80,12,100,83.3333333333333,65,95,49.6,62.1,62,69,93,93,100,81.5,"B-"
"125",77.5,95,75,100,100,90,97.5,95,100,12,100,88.8888888888889,95,85,56,73.8,70,82,94,95,100,86.95,"B+"
"126",92.5,100,100,100,100,93,88,100,80,12,66.6666666666667,27.7777777777778,75,90,64.8,69.75,81,77.5,97,77,100,86.225,"B+"
"127",88.5,100,100,100,100,99,100,100,100,12,100,100,85,90,68,77.4,85,86,100,97,100,93.05,"A"
"128",50,100,97.5,75,76.25,94,77,93.5,75,12,91.6666666666667,100,90,100,70.4,76.5,88,85,86,97,100,89.2,"A-"
"129",80,100,77.5,77.5,95,90,95,80,0,9,66.6666666666667,77.7777777777778,67.5,0,76,58.95,95,65.5,87,71,60,78.125,"C+"
"130",77.5,90,100,100,90,95,97,100,100,12,75,77.7777777777778,80,90,64.8,59.85,81,66.5,96,83,100,84.075,"B"
"131",86,97.5,100,90,100,98,97,100,100,12,83.3333333333333,100,90,100,77.6,80.1,97,89,98,97,100,95.6,"A+"
"132",100,100,97.5,100,100,100,100,100,100,12,100,100,100,100,80,85.5,100,95,100,100,100,98.75,"A+"
"133",95,85,100,100,100,93,100,90,100,12,100,100,90,100,72,84.6,90,94,97,100,100,95.6,"A+"
"134",100,99,100,90,100,99,100,95,99,12,100,88.8888888888889,95,95,72,78.3,90,87,99,97,100,94,"A"
"135",60,100,92.5,100,100,94,100,80,100,12,75,50,45,65,62.4,75.6,78,84,96,63,100,84.85,"B"
"136",87.5,92.5,100,80,95,89,95,95,90,12,83.3333333333333,77.7777777777778,65,70,55.2,79.2,69,88,93,77,100,85.25,"B"
"137",99,83,92.5,98,100,0,0,0,0,6,33.3333333333333,16.6666666666667,0,0,29.6,12.6,37,14,59,17,0,31.15,"F"
"138",100,100,100,100,100,100,0,100,96,11,75,77.7777777777778,55,80,64.8,58.5,81,65,100,78,100,84.15,"B"
"139",82.5,100,93.5,100,100,95,80,90,100,12,66.6666666666667,88.8888888888889,70,85,63.2,63.45,79,70.5,95,81,100,84.075,"B"
"140",52.5,100,82.5,90,100,94,100,75,85,12,91.6666666666667,50,42.5,85,66.8,74.25,83.5,82.5,91,76,100,86.025,"B+"
"141",60,70,85,75,0,0,0,0,0,3,66.6666666666667,77.7777777777778,0,95,67.2,65.7,84,73,36,80,0,57.85,"D"
"142",90,0,70,90,0,44,0,40,55,10,91.6666666666667,77.7777777777778,55,65,43.2,49.5,54,55,49,78,80,58.95,"D"
"143",87.5,100,100,100,100,100,100,100,80,12,100,100,65,100,80,84.6,100,94,98,100,100,97.9,"A+"
"144",92.5,100,100,70,100,100,92,100,80,12,91.6666666666667,94.4444444444444,85,85,60.8,50.85,76,56.5,96,90,100,81.625,"B-"
"145",87.5,60,100,100,95,92,79,95,100,12,58.3333333333333,66.6666666666667,70,95,60,76.5,75,85,94,77,100,86,"B+"
"146",85,95,100,100,95,100,89,97.5,85,12,91.6666666666667,66.6666666666667,82.5,100,72,79.2,90,88,95,91,100,92.15,"A"
"147",83.5,100,0,90,70,94,76,100,100,12,100,61.1111111111111,90,95,60,67.05,75,74.5,89,95,100,84.575,"B"
"148",85,100,92.5,100,95,100,90,65,100,12,66.6666666666667,100,75,85,66.4,79.2,83,88,95,87,100,90.15,"A"
"149",92.5,100,92.5,70,100,82,86,60,100,12,66.6666666666667,66.6666666666667,40,45,69.6,63.9,87,71,90,59,100,81,"B-"
"150",92.5,97.5,95,100,91.25,100,94,100,95,12,83.3333333333333,77.7777777777778,40,95,62.4,66.6,78,74,97,85,100,85.95,"B"
"151",86,100,100,90,100,92.5,0,90,100,12,58.3333333333333,33.3333333333333,85,90,32.8,66.6,41,74,95,78,100,76.9,"C"
"152",92.5,100,0,90,100,100,89,100,100,12,83.3333333333333,72.2222222222222,80,95,70.4,77.4,88,86,96,86,100,90.8,"A"
"153",82.5,80,95,90,100,98,92,100,85,11,91.6666666666667,88.8888888888889,60,90,68,72.9,85,81,93,90,100,88.65,"A-"
"154",85,42.5,0,0,0,66,0,0,80,6,83.3333333333333,66.6666666666667,0,70,52,43.2,65,48,34,73,0,46.15,"F"
"155",77.5,100,97.5,65,72,81,97,100,75,10,79.1666666666667,50,0,85,64.8,62.1,81,69,88,71,80,78.5,"C+"
"156",70,80,90,100,90,0,90,90,85,12,91.6666666666667,0,75,90,36,46.8,45,52,87,86,100,71,"C"
"157",77.5,92.5,95,90,0,95,94,100,100,10,66.6666666666667,88.8888888888889,70,45,66.4,70.2,83,78,93,75,80,83.25,"B"
"158",92.5,97.5,100,100,100,99,97,100,100,12,91.6666666666667,61.1111111111111,85,70,57.6,72.9,72,81,99,82,100,86.65,"B+"
"159",89.5,100,97.5,80,96.25,96,51,85,100,12,100,66.6666666666667,75,85,69.6,74.7,87,83,93,87,100,89.1,"A-"
"160",89,100,55,98,100,83,100,0,97,9,75,61.1111111111111,0,100,70.4,69.3,88,77,90,79,60,81.7,"B-"
"161",65,82.5,87.5,85,95,95,100,90,80,12,91.6666666666667,77.7777777777778,75,95,70.4,78.3,88,87,89,88,100,89.25,"A-"
"162",92.5,100,100,70,100,100,91,80,90,12,100,66.6666666666667,60,90,68.8,73.35,86,81.5,94,86,100,88.675,"A-"
"163",92.5,97.5,100,0,100,99,94,90,100,12,91.6666666666667,88.8888888888889,80,95,71.2,79.2,89,88,97,92,100,92.7,"A"
"164",92.5,82,92.5,75,100,99,76,90,89,12,100,83.3333333333333,80,40,67.2,78.3,84,87,90,88,100,88.75,"A-"
"165",70,78,95,0,90,97,100,80,100,11,75,27.7777777777778,50,55,64.8,63.9,81,71,89,60,100,79.65,"B-"
"166",80,57.5,100,60,80,78,70,95,94,12,83.3333333333333,66.6666666666667,70,90,68.8,64.35,86,71.5,82,81,100,81.825,"B-"
"167",92.5,100,92.5,95,100,97,97,100,85,12,58.3333333333333,50,52.5,60,68,63,85,70,97,57,100,82.15,"B"
"168",82.5,100,100,100,100,98,71,100,91,12,91.6666666666667,83.3333333333333,80,95,69.6,80.1,87,89,96,90,100,91.95,"A"
"169",80,0,95,0,55,0,0,0,75,7,83.3333333333333,0,0,65,53.6,60.75,67,67.5,38,49,20,51.025,"D"
"170",42.5,52.5,90,72.5,100,95,88,80,85,12,83.3333333333333,88.8888888888889,42.5,80,65.6,63,82,70,83,84,100,81.4,"B-"
"171",80,92.5,100,90,100,94,85,90,85,11,91.6666666666667,88.8888888888889,75,100,66.4,57.15,83,63.5,92,94,100,84.175,"B"
"172",70,100,92.5,82.5,100,99,97,90,85,12,75,83.3333333333333,80,90,69.6,80.1,87,89,93,84,100,90.15,"A"
"173",90,100,100,100,95,99,100,100,100,12,91.6666666666667,100,80,90,70.4,74.7,88,83,99,94,100,92.15,"A"
"174",70,92.5,90,85,95,99,88,90,90,12,91.6666666666667,88.8888888888889,75,90,69.6,65.7,87,73,91,90,100,86.45,"B+"
"175",100,100,85,90,85,89,92,95,95,12,100,94.4444444444444,80,100,79.2,81.9,99,91,93,98,100,95.15,"A+"
"176",100,100,92.5,80,100,98,100,80,100,10,100,0,90,0,70.4,82.8,88,92,96,63,80,86.85,"B+"
"177",40,0,82.5,0,70,0,52,0,98,12,58.3333333333333,61.1111111111111,0,75,46.4,36,58,40,43,65,100,54.25,"D"
"178",92.5,100,92.5,90,100,96,85,90,85,12,83.3333333333333,88.8888888888889,80,75,60,70.65,75,78.5,93,84,100,85.125,"B"
"179",92.5,85,100,85,95,100,92,90,75,12,91.6666666666667,61.1111111111111,80,100,71.2,74.7,89,83,92,91,100,89.8,"A-"
"180",87,100,100,100,100,93,91,80,98,10,83.3333333333333,88.8888888888889,50,85,48,54,60,60,96,86,80,76.7,"C"
"181",75,97.5,67.5,80,95,90,58,100,85,12,100,77.7777777777778,67.5,85,57.6,56.7,72,63,86,88,100,79.15,"C+"
"182",100,100,92.5,90,95,95,100,100,80,12,83.3333333333333,100,80,100,72,80.1,90,89,97,94,100,93.45,"A"
"183",85,85,85,85,85,72,85,65,80,6,75,38.8888888888889,60,70,48.8,54.9,61,61,83,68,0,62.55,"C-"
"184",92.5,70,90,75,100,100,84,100,75,12,100,88.8888888888889,85,95,69.6,66.6,87,74,90,95,100,87.15,"B+"
"185",85,99,92.5,0,0,0,0,0,0,3,41.6666666666667,0,0,0,75.2,66.6,94,74,35,14,0,49.9,"F"
"186",80,100,100,0,90,0,100,70,0,10,83.3333333333333,0,30,70,64,55.35,80,61.5,68,61,80,68.925,"C-"
"187",65,100,55,90,100,86.5,100,85,85,9,83.3333333333333,88.8888888888889,52.5,90,68,60.3,85,67,89,87,60,79.5,"B-"
"188",60,100,92.5,100,95,71,90,92.5,85,10,91.6666666666667,88.8888888888889,52.5,100,72,74.25,90,82.5,91,94,80,88.025,"A-"
"189",75,100,100,100,100,95,100,100,100,12,100,88.8888888888889,82.5,100,66.4,76.05,83,84.5,99,96,100,91.825,"A"
"190",67.5,80,77.5,47.5,100,80,76,77.5,80,12,83.3333333333333,77.7777777777778,75,80,44,64.35,55,71.5,80,80,100,74.875,"C"
"191",73.5,70,92.5,80,100,97,90,100,96,12,66.6666666666667,61.1111111111111,75,85,65.6,73.8,82,82,91,76,100,85.6,"B"
"192",75,90,95,70,85,85,0,62.5,100,12,83.3333333333333,88.8888888888889,40,80,59.2,68.4,74,76,83,84,100,81.3,"B-"
"193",70,97.5,100,70,100,100,97,95,85,12,91.6666666666667,50,80,70,61.2,64.8,76.5,72,93,81,100,83.35,"B"
"194",82.5,100,100,100,97,100,100,90,75,12,91.6666666666667,72.2222222222222,65,80,62.4,57.15,78,63.5,96,81,100,82.425,"B"
"195",91.5,97.5,98,90,92,95,62,95,90,12,66.6666666666667,44.4444444444444,90,90,64,65.25,80,72.5,94,82,100,84.625,"B"
"196",100,72.5,100,100,100,99,97,100,100,12,66.6666666666667,100,85,50,66.4,67.5,83,75,100,84,100,87.95,"B+"
"197",95,100,100,100,100,89,98,85,100,12,91.6666666666667,66.6666666666667,60,80,52.8,63.9,66,71,98,79,100,82.2,"B"
"198",62.5,0,0,0,65,76,71,90,97.5,9,0,44.4444444444444,55,100,68,34.2,85,38,58,66,60,59.8,"D"
"199",52.5,55,85,67.5,90,78,92,80,80,12,50,72.2222222222222,0,85,52,54.45,65,60.5,78,69,100,71.875,"C"
"200",92.5,97.5,0,85,90,76,81,90,80,12,91.6666666666667,50,60,75,69.6,78.3,87,87,86,76,100,86.35,"B+"
"201",100,100,92.5,90,100,99,90,95,100,12,100,100,85,90,70.4,80.1,88,89,97,97,100,93.5,"A"
"202",82,100,87.5,90,100,96,100,80,95,11,75,72.2222222222222,55,75,55.2,57.6,69,64,94,74,100,79.1,"C+"
"203",72.5,95,100,80,100,76,100,90,70,12,91.6666666666667,100,100,100,68.8,81,86,90,89,100,100,91.4,"A"
"204",82.5,85,95,90,100,95,87,85,85,12,91.6666666666667,88.8888888888889,70,100,59.2,71.1,74,79,90,94,100,85.65,"B"
"205",89.5,100,100,70,100,0,97,100,98,10,75,72.2222222222222,70,75,56,56.7,70,63,94,74,80,77.05,"C"
"206",95,75,100,100,100,99,85,85,100,12,50,55.5555555555556,50,95,60.8,51.3,76,57,96,67,100,78.3,"C+"
"207",92.5,100,100,100,100,100,100,100,100,12,66.6666666666667,61.1111111111111,80,90,66.4,66.6,83,74,100,79,100,86.95,"B+"
"208",92.5,0,92.5,95,100,95,0,0,80,9,83.3333333333333,0,35,60,55.2,41.4,69,46,69,59,60,60.85,"C-"
"209",67,0,47.5,90,100,59,59,80,98,12,91.6666666666667,88.8888888888889,85,90,63.2,70.65,79,78.5,75,90,100,81.425,"B-"
"210",90,90,90,90,0,0,0,0,0,6,50,0,35,0,66.24,12.6,82.8,14,45,28,0,37.76,"F"
"211",90,80,80,60,71.25,95,95,100,90,12,66.6666666666667,77.7777777777778,65,75,63.2,61.65,79,68.5,88,73,100,80.275,"B-"
"212",0,0,82.5,75,90,0,87,0,80,10,75,0,50,90,30.4,27,38,30,52,72,80,49.5,"F"
"213",77.5,100,92.5,65,90,78,97,95,80,12,70.8333333333333,55.5555555555556,85,90,40.8,65.7,51,73,89,82,100,77.45,"C"
"214",90,77.5,100,90,100,83,100,100,100,12,50,50,80,35,54.4,58.05,68,64.5,95,60,100,77.225,"C"
"215",85,100,100,95,100,96,88,90,85,12,91.6666666666667,100,70,85,68,73.35,85,81.5,94,92,100,89.375,"A-"
"216",100,100,100,90,94,98,97,85,91,12,83.3333333333333,77.7777777777778,55,80,70.4,65.7,88,73,96,80,100,86.65,"B+"
"217",75,85,92.5,55,51,68,76,80,80,12,66.6666666666667,50,50,85,68.8,63,86,70,76,67,100,77.55,"C+"
"218",88.5,0,0,100,85,99,90,85,79,12,91.6666666666667,88.8888888888889,65,95,68.8,69.3,86,77,78,92,100,83.65,"B"
"219",77.5,100,92.5,90,95,97,100,90,0,11,100,66.6666666666667,85,95,61.6,81.9,77,91,93,93,100,90,"A"
"220",72.5,100,100,95,100,83,88,60,85,12,91.6666666666667,72.2222222222222,75,90,71.2,74.7,89,83,90,86,100,88.45,"A-"
"221",55,92.5,92.5,97.5,75,77,100,85,85,12,41.6666666666667,77.7777777777778,52.5,95,60.8,70.65,76,78.5,88,75,100,82.475,"B"
"222",90,90,90,90,90,93,67,0,0,11,75,100,0,0,69.6,61.2,87,68,76,58,100,75.9,"C"
"223",67.5,67.5,95,77.5,100,87.5,70,90,85,7,33.3333333333333,0,25,45,68.8,62.1,86,69,84,34,20,66.75,"C-"
"224",73.5,80,100,100,90,89,94,90,0,12,66.6666666666667,77.7777777777778,75,85,63.2,60.75,79,67.5,90,79,100,81.525,"B-"
"225",92.5,100,100,30,100,100,100,85,75,12,91.6666666666667,27.7777777777778,0,100,63.6,44.1,79.5,49,94,73,100,77.3,"C"
"226",65,50,72.5,90,80,0,0,62.5,0,8,83.3333333333333,72.2222222222222,50,0,65.6,63.45,82,70.5,52,69,40,63.975,"C-"
"227",92.5,100,100,90,100,99,99,87.5,100,12,58.3333333333333,88.8888888888889,80,55,48.8,53.1,61,59,98,76,100,77.75,"C+"
"228",88.5,92.5,95,60,85,0,0,100,0,11,58.3333333333333,0,40,35,56.8,49.95,71,55.5,65,44,100,64.175,"C-"
"229",72.5,100,77.5,45,89,90,90,75,65,12,54.1666666666667,55.5555555555556,75,65,57.6,54,72,60,82,65,100,73.75,"C"
"230",87.5,100,82.5,90,100,90,100,80,85,12,58.3333333333333,72.2222222222222,30,55,61.6,24.3,77,27,92,62,100,69.05,"C-"
"231",77.5,77.5,95,100,99,92,80,87.5,85,11,33.3333333333333,44.4444444444444,65,60,61.6,44.1,77,49,90,56,100,73.05,"C"
"232",73.5,72.5,60,0,80,0,0,60,0,11,66.6666666666667,55.5555555555556,40,0,68,49.5,85,55,43,54,100,61.75,"C-"
"233",100,85,92.5,100,90,99,0,100,100,12,66.6666666666667,100,100,85,61.2,80.1,76.5,89,96,95,100,90.6,"A"
"234",94,100,100,100,100,98,100,100,100,12,100,83.3333333333333,70,85,71.2,77.85,89,86.5,100,89,100,92.775,"A"
"235",97.5,100,97.5,100,100,86,100,90,100,12,91.6666666666667,100,65,90,62.4,80.1,78,89,98,94,100,91.35,"A"
"236",94.5,97,96,100,80,100,97,100,100,12,75,83.3333333333333,50,100,64,68.85,80,76.5,98,86,100,87.425,"B+"
"237",92.5,100,100,98,100,98,86,100,98,12,100,83.3333333333333,50,80,66.4,72,83,80,98,88,100,89.2,"A-"
"238",100,100,100,65,95,94,100,95,100,12,100,55.5555555555556,80,90,70.4,80.1,88,89,98,90,100,92.75,"A"
"239",100,85,100,100,100,99,97,80,95,12,100,100,95,100,80,84.6,100,94,97,100,100,97.6,"A+"
"240",92.5,100,97.5,80,95,100,90,100,70,12,100,100,85,100,79.2,88.2,99,98,94,100,100,97.5,"A+"
"241",95,85,100,70,0,99,95,95,100,12,91.6666666666667,72.2222222222222,50,90,77.6,86.4,97,96,92,85,100,93.75,"A"
"242",92.5,100,95,100,100,90,100,85,97.5,12,25,33.3333333333333,20,65,31.2,20.7,39,23,97,41,100,58.8,"D"
"243",92.5,100,97.5,100,100,99,92,100,85,12,91.6666666666667,88.8888888888889,95,95,63.2,68.85,79,76.5,98,94,100,88.425,"A-"
"244",87.5,87.5,100,60,95,72,70,80,0,12,83.3333333333333,61.1111111111111,60,0,62.4,62.1,78,69,82,68,100,77.65,"C+"
"245",80,0,77.5,20,0,37,67,50,85,10,33.3333333333333,16.6666666666667,30,40,50.4,58.5,63,65,52,34,80,57.55,"D"
"246",82.5,95,90,77.5,100,95,84,85,100,12,83.3333333333333,88.8888888888889,80,75,46.4,61.2,58,68,91,84,100,78.5,"C+"
"247",82.5,97.5,75,50,42.5,86,61,85,100,12,58.3333333333333,61.1111111111111,35,80,55.2,49.95,69,55.5,80,66,100,71.575,"C"
"248",96,99,91.5,70,93,86,65,75,90,12,66.6666666666667,38.8888888888889,30,70,41.6,35.1,52,39,88,59,100,65.4,"C-"
"249",75,85,100,100,100,99,90,90,80,11,91.6666666666667,83.3333333333333,95,95,70.4,82.8,88,92,93,94,100,92.6,"A"
"250",92.5,100,100,90,100,99,100,95,100,12,91.6666666666667,77.7777777777778,75,65,66.4,70.2,83,78,98,81,100,87.65,"B+"
"251",94.5,84,95,95,100,98,86,100,0,12,66.6666666666667,72.2222222222222,80,70,40.8,58.95,51,65.5,94,74,100,75.875,"C"
"252",72.5,77.5,0,75,85,0,0,0,65,10,0,27.7777777777778,35,35,19.2,18.45,24,20.5,47,33,80,36.975,"F"
"253",100,79,85,95,85,91,79,75,92,12,91.6666666666667,44.4444444444444,90,90,64,63.9,80,71,88,91,100,83.8,"B"
"254",92.5,100,100,90,98,99,97,100,95,12,66.6666666666667,66.6666666666667,55,75,25.6,54.9,32,61,98,69,100,71.4,"C"
"255",100,100,90,100,100,94,100,100,0,11,100,77.7777777777778,75,0,72,72.9,90,81,98,84,100,90.25,"A"
"256",93,73,100,88,100,96,80,95,95,10,100,50,65,60,76,65.25,95,72.5,93,75,80,84.275,"B"
"257",100,85,97.5,100,95,0,89,90,90,11,79.1666666666667,94.4444444444444,50,85,49.6,66.6,62,74,93,86,100,81.7,"B-"
"258",92.5,100,100,70,100,100,100,100,85,12,75,88.8888888888889,95,0,67.2,72.45,84,80.5,97,86,100,88.925,"A-"
"259",92.5,92.5,90,90,100,90,100,90,85,12,83.3333333333333,72.2222222222222,85,100,63.2,86.4,79,96,93,89,100,91.05,"A"
"260",68,55.5,85,0,65,50,52,0,20,10,50,50,30,35,43.2,28.8,54,32,49,45,80,48.25,"F"
"261",92.5,92.5,100,90,100,100,100,0,80,12,95.8333333333333,100,0,100,70.4,78.3,88,87,94,99,100,92.4,"A"
"262",57.5,100,100,0,80,93,76,75,95,12,75,72.2222222222222,70,90,79.2,66.6,99,74,85,79,100,85.65,"B"
"263",89.5,57,95,90,0,98,0,75,100,9,75,77.7777777777778,45,55,37.6,71.1,47,79,76,69,60,68.3,"C-"
"264",89.5,79,97.5,100,90,99,100,100,99,12,100,88.8888888888889,75,90,68.8,85.95,86,95.5,97,93,100,94.125,"A"
"265",75,100,92.5,100,100,99,100,90,100,12,83.3333333333333,88.8888888888889,95,100,77.6,77.4,97,86,98,95,100,94.55,"A"
"266",87.5,92.5,90,80,90,80,89,90,55,12,75,77.7777777777778,80,100,52,71.1,65,79,87,86,100,81.75,"B-"
"267",57.5,70,82.5,0,55,0,51,45,0,11,83.3333333333333,38.8888888888889,57.5,0,40,55.8,50,62,45,60,100,58,"D"
"268",52.5,77.5,97.5,50,95,80,79,90,50,12,66.6666666666667,38.8888888888889,65,90,46.4,52.65,58,58.5,78,74,100,70.725,"C"
"269",82.5,0,92.5,80,93,98,85,100,85,12,83.3333333333333,77.7777777777778,55,90,68.8,75.15,86,83.5,90,84,100,87.675,"B+"
"270",62.5,70,87.5,60,100,80,84,95,80,12,41.6666666666667,88.8888888888889,65,75,42.4,63.9,53,71,82,76,100,74.35,"C"
"271",65,55,87.5,90,90,72,77,0,80,12,83.3333333333333,72.2222222222222,57.5,80,68,75.6,85,84,77,79,100,82.95,"B"
"272",85,90,90,20,95,85,97,75,80,12,58.3333333333333,27.7777777777778,50,30,59.52,57.6,74.4,64,87,46,100,73.88,"C"
"273",100,100,100,100,100,75,100,95,65,12,95.8333333333333,72.2222222222222,45,85,50.4,68.4,63,76,96,84,100,83,"B"
"274",87.5,100,92.5,100,100,100,90,100,100,12,83.3333333333333,88.8888888888889,75,85,69.6,81,87,90,98,86,100,92.2,"A"
"275",92.5,70,85,80,100,97,79,100,85,12,83.3333333333333,100,95,100,76.8,68.4,96,76,90,98,100,89.9,"A-"
"276",62.5,80,75,100,95,95,100,85,100,12,75,100,80,75,56.8,53.55,71,59.5,91,85,100,79.125,"C+"
"277",87,100,100,100,99,99,100,100,96,11,50,66.6666666666667,70,90,64,78.75,80,87.5,99,76,100,88.975,"A-"
"278",60,75,100,0,100,94,100,90,100,10,50,33.3333333333333,25,40,69.6,44.55,87,49.5,90,41,80,70.925,"C"
"279",79,96.5,92.5,100,100,98,87,100,82,12,100,77.7777777777778,75,100,66.4,70.65,83,78.5,94,93,100,88.375,"A-"
"280",87.5,97.5,95,90,90,88,100,60,100,12,66.6666666666667,83.3333333333333,67.5,0,68.8,70.2,86,78,94,72,100,85.7,"B"
"281",60,82.5,92.5,80,0,73,85.5,100,85,11,75,50,57.5,65,76.8,74.7,96,83,82,66,100,84.45,"B"
"282",90,100,100,100,95,99,100,95,100,12,100,100,80,90,64.8,72.9,81,81,99,97,100,90.7,"A"
"283",92.5,100,100,100,100,99,100,100,95,12,83.3333333333333,66.6666666666667,70,95,71.2,76.5,89,85,99,83,100,91.2,"A"
"284",87.5,100,65,70,0,76,80,100,98,9,50,33.3333333333333,55,95,53.6,70.2,67,78,85,67,60,74.45,"C"
"285",0,85,100,100,100,99,100,97.5,100,12,66.6666666666667,77.7777777777778,70,75,60,81,75,90,98,74,100,88,"A-"
"286",70,70,55,65,72.5,58,47,60,80,12,91.6666666666667,55.5555555555556,75,100,65.6,58.05,82,64.5,66,89,100,75.675,"C"
"287",82.5,77.5,100,90,95,93,84,100,85,12,100,77.7777777777778,85,45,59.2,70.2,74,78,91,88,100,84.8,"B"
"288",100,85,100,100,100,87,97,90,100,12,66.6666666666667,100,85,90,64,66.15,80,73.5,97,92,100,87.275,"B+"
"289",82.5,100,92.5,80,100,99,100,80,100,12,100,100,90,100,71.2,89.1,89,99,94,100,100,95.75,"A+"
"290",0,80,100,95,78,90,77,75,97,11,83.3333333333333,66.6666666666667,55,85,58.4,59.85,73,66.5,86,78,100,78.725,"C+"
"291",77.5,0,92.5,90,85,66,48,70,85,12,50,50,25,30,28,40.05,35,44.5,77,43,100,57.675,"D"
"292",92.5,72.5,72.5,30,0,83,100,0,85,12,58.3333333333333,44.4444444444444,35,15,20.8,18.45,26,20.5,67,46,100,47.325,"F"
"293",92.5,100,100,100,100,99,97,100,85,12,91.6666666666667,100,95,100,71.2,79.65,89,88.5,99,98,100,94.325,"A"
"294",73.5,85,95,90,99,88,97,90,100,12,50,77.7777777777778,45,70,75.2,64.8,94,72,93,66,100,84.6,"B"
"295",92.5,100,100,100,100,100,92,0,95,12,91.6666666666667,94.4444444444444,75,100,78.4,80.1,98,89,97,95,100,95.2,"A+"
"296",92.5,92.5,97.5,80,97,100,89,90,60,11,87.5,66.6666666666667,30,70,51.2,44.1,64,49,92,75,100,73.9,"C"
"297",52.5,47.5,97.5,75,65,81,79,90,65,10,75,44.4444444444444,40,75,39.2,60.3,49,67,76,65,80,67.1,"C-"
"298",77.5,92.5,77.5,90,93,90,90,55,65,11,66.6666666666667,44.4444444444444,30,50,64,49.05,80,54.5,84,54,100,72.925,"C"
"299",72.5,65,90,70,75,84,65,80,85,11,83.3333333333333,61.1111111111111,80,95,64,71.1,80,79,78,86,100,82.05,"B"
"300",78.5,0,72.5,90,95,87,97,100,100,11,50,77.7777777777778,85,65,56,60.75,70,67.5,90,76,100,79.275,"C+"
"301",80,100,95,70,87.5,90,96,100,85,12,91.6666666666667,61.1111111111111,55,95,61.6,80.55,77,89.5,92,83,100,87.825,"B+"
"302",62.5,0,77.5,90,100,98,100,90,100,12,100,94.4444444444444,35,90,76,74.25,95,82.5,90,95,100,90.875,"A"
"303",94,100,100,90,100,99,100,95,95,12,91.6666666666667,77.7777777777778,80,90,56.8,65.25,71,72.5,98,87,100,84.775,"B"
"304",66,85,90,90,100,0,65,95,100,12,83.3333333333333,22.2222222222222,75,65,42.4,36.9,53,41,86,74,100,67.75,"C-"
"305",77.5,85,85,60,100,100,86,100,80,12,75,83.3333333333333,75,65,44,60.3,55,67,89,78,100,76.15,"C"
"306",87.5,77.5,100,95,95,100,0,75,75,12,95.8333333333333,88.8888888888889,75,100,67.2,72.9,84,81,88,95,100,87.7,"B+"
"307",99.5,100,100,90,72.5,100,97,100,98,12,91.6666666666667,100,75,90,56,70.2,70,78,98,94,100,87,"B+"
"308",82.5,100,95,80,95,96,100,80,85,12,100,77.7777777777778,85,90,72,76.5,90,85,92,92,100,90.65,"A"
"309",85,95,85,100,100,98,88,90,85,12,100,50,65,95,64.8,67.5,81,75,93,87,100,85.9,"B"
"310",52.5,92.5,97.5,0,91.25,0,0,0,0,10,58.3333333333333,0,0,0,43.2,20.7,54,23,42,19,80,40,"F"
"311",87.5,77.5,100,60,100,89,83,80,80,12,83.3333333333333,77.7777777777778,65,80,59.2,71.55,74,79.5,87,80,100,82.775,"B"
"312",92.5,100,95,100,100,99,100,85,98,12,100,88.8888888888889,75,95,80,84.15,100,93.5,98,95,100,97.025,"A+"
"313",47.5,72.5,92.5,95,100,88.5,80,82.5,100,12,75,61.1111111111111,45,100,47.2,62.1,59,69,89,79,100,77.6,"C+"
"314",98,94,77.5,90,95,97,100,90,99,12,91.6666666666667,72.2222222222222,55,75,60.8,48.6,76,54,95,80,100,79.2,"C+"
"315",80.5,85,100,90,95,96,86,60,100,12,66.6666666666667,77.7777777777778,75,95,76.8,66.15,96,73.5,92,83,100,87.625,"B+"
"316",60,0,90,0,0,91,0,47.5,66,11,75,72.2222222222222,30,100,62.4,53.55,78,59.5,44,82,100,65.975,"C-"
"317",0,50,42.5,80,100,83,71,75,50,12,66.6666666666667,61.1111111111111,55,35,14.4,39.6,18,44,69,61,100,54.45,"D"
"318",92.5,85,100,70,90,96,100,100,100,11,75,66.6666666666667,45,95,67.2,64.8,84,72,95,79,100,85.15,"B"
"319",92.5,100,100,100,100,0,90,100,100,11,91.6666666666667,61.1111111111111,65,80,78.4,75.6,98,84,98,79,100,91.85,"A"
"320",87.5,100,97.5,100,90,80,100,80,94,12,75,72.2222222222222,60,75,54.4,53.1,68,59,94,74,100,77.65,"C+"
"321",65,100,90,90,100,99,86,72.5,75,12,100,88.8888888888889,80,95,71.2,72.9,89,81,89,95,100,89,"A-"
"322",92.5,100,100,100,95,100,86,100,80,12,95.8333333333333,72.2222222222222,60,100,62.4,74.25,78,82.5,97,89,100,88.675,"A-"
"323",82.5,100,95,100,0,100,92,100,100,12,58.3333333333333,100,65,80,68.8,63.9,86,71,96,82,100,86.05,"B+"
"324",0,75,67.5,90,80,71,0,50,0,8,83.3333333333333,61.1111111111111,25,35,64,44.55,80,49.5,54,60,40,57.575,"D"
"325",82.5,87.5,85,35,60,95,87,100,85,11,58.3333333333333,94.4444444444444,95,100,71.2,81,89,90,85,96,100,90.2,"A"
"326",82.5,100,85,90,95,85,90,100,82.5,12,100,55.5555555555556,65,75,46.4,71.1,58,79,91,80,100,80.65,"B-"
"327",72.5,100,100,100,100,80,76,85,98,12,91.6666666666667,72.2222222222222,70,100,74.4,80.1,93,89,92,88,100,91.65,"A"
"328",72.5,70,100,90,100,95,97,100,85,12,100,88.8888888888889,75,80,72,75.15,90,83.5,92,90,100,89.975,"A-"
"329",0,0,0,10,0,0,53.5,70,32,9,33.3333333333333,0,55,45,32.8,56.7,41,63,21,44,60,42.85,"F"
"330",88.5,99,0,0,85,0,0,85,85,12,75,50,80,70,57.6,50.85,72,56.5,55,75,100,66.275,"C-"
"331",95,95,100,100,95,99,100,100,100,12,91.6666666666667,88.8888888888889,65,100,65.6,81,82,90,99,94,100,92.7,"A"
"332",72.5,92.5,100,90,95,89,83,95,100,12,91.6666666666667,22.2222222222222,60,75,60.8,57.15,76,63.5,93,76,100,80.375,"B-"
"333",100,85,100,100,100,99,97,85,95,12,100,100,100,100,80,89.1,100,99,97,100,100,98.85,"A+"
"334",92.5,75,100,100,96.25,96,100,90,100,12,75,88.8888888888889,70,90,61.6,74.7,77,83,97,85,100,88,"A-"
